name,type,sprite,mass,ac,damage_types,damage,skill,ammo_type,power_requirement,probability,nutrition,max_stack_size,flags,resistance_multiplier
Combat Knife,knife,combat_knife,1,,"slash,piercing",1d4,knife,,0,20,,,,
Hunting Knife,knife,knife_001,1,,"slash,piercing",1d4,knife,,0,10,,,mutitool,
Cleaver,knife,knife_butcher,2,,"slash,blunt",1d5,knife,,0,0,,,meat,
Laser Cleaver,knife,cleaver_modified_002,3,,"slash,blunt",1d6,knife,,1,0,,,meat,
Kitchen Knife,knife,knife_kitchen,1,,"slash,piercing",1d3,knife,,0,0,,,meat,
Laser Knife,knife,combat_knife_laser_002,2,,"slash,piercing",1d5,knife,,1,5,,,burn,
Augmented Laser Knife,knife,combat_knife_modified_001,3,,"slash,piercing",1d6,knife,,3,1,,,burn,
Large Laser Knife,knife,knife_laser_001,3,,"slash,piercing",1d7,knife,,2,5,,,burn,
Machete,knife,machete,2,,slash,1d5,knife,,0,10,,,bleed,
Augmented Machete Red,knife,machete_modified_001,3,,slash,1d7,knife,,0,2,,,"bleed,burn",
Augmented Machete Blue,knife,machete_modified_002,3,,slash,1d7,knife,,0,2,,,"bleed,burn",
Tactical Machete,knife,sword_002,2,,slash,1d7,knife,,0,10,,,bleed,
Ornamental Volcanic Blade,knife,sword_012,2,,"slash,piercing",1d10,knife,,0,5,,,fragile,
Icicle,knife,icicle,2,,piercing,1d5,knife,,0,0,,64,fragile,
Broken Bottle,knife,"weapon_004,weapon_006",1,,slash,1d2,knife,,,,,,"fragile,melts",
Fencing Rapier,sword,sword_010,3,,piercing,1d3,sword,,0,5,,,fragile,
Tactical Sawblade,sword,sword_026,5,,saw,1d8,sword,,3,5,,,,
Rock Sword,sword,sword_028,8,,"slash,blunt",1d9,sword,,0,10,,,,
Shard Sword Green,sword,sword_031,6,,"slash,blunt",1d10,sword,,0,10,,,?? elemental?,
Shard Sword Orange,sword,sword_032,6,,"slash,blunt",1d10,sword,,0,10,,,?? elemental?,
Shard Sword Blue,sword,sword_033,6,,"slash,blunt",1d10,sword,,0,10,,,?? elemental?,
Shard Sword Slime,sword,sword_037,6,,"slash,blunt",1d10,sword,,0,10,,,?? elemental?,
Shard Sword Fire,sword,sword_038,6,,"slash,blunt",1d10,sword,,0,10,,,?? elemental?,
Laser Sword,sword,sword_laser_001,7,,"slash,piercing",1d10,sword,,2,10,,,?? variants,
Katana,sword,katana,5,,"slash,piercing",1d8,sword,,0,10,,,?? variants,
Improvised Hammer,hammer,hammer_10,6,,blunt,1d4,hammer,,0,5,,,?? visual variants,
Large Improvised Hammer,hammer,hammer_19,10,,blunt,1d8,hammer,,0,5,,,?? variants,
Giant Improvised Hammer,hammer,hammer_36,15,,blunt,2d8,hammer,,0,2,,,?? variants,
Baseball Bat,bat,baseball_bat,4,,blunt,1d4,hammer,,0,5,,,fragile,
Improvised Nasty Bat,bat,baseball_bat_modified_002,4,,blunt,1d5,hammer,,0,5,,,,
Riot Baton,bat,baton,3,,blunt,1d3,hammer,,0,5,,,,
Laser Baton,bat,baton_modified_001,4,,blunt,1d5,hammer,,2,5,,,burns,
Skull on a Stick,bat,magicweapon_6,4,,blunt,1d3,hammer,,0,2,,,,
Laser Spear,spear,spear_laser_001,4,,piercing,1d5,spear,,2,5,,,?? variants,
Steel Knuckles,gloves,weapon_002,2,,blunt,1d5,fists,,0,10,,,,
Rock Saw,tool,chainsaw,10,,saw,1d12,utility,,5,5,,,,
Cooking Pot,tool,cookingpot_02,8,,blunt,1d2,hammer,,0,0,,,,
Cooking Spoon,tool,cookingspoon,1,,blunt,1d1,hammer,,0,0,,,,
Crowbar,tool,crowbar,3,,blunt,1d4,hammer,,0,0,,,multitool,
Megafist,tool,megafist,11,,blunt,2d5,utility,,4,5,,,,
Cooking Pan,tool,pan,4,,blunt,1d3,hammer,,0,0,,,,
Pencil,tool,pencil,1,,piercing,1d1,utility,,0,0,,,,
Workshop Hammer,tool,tool_001,2,,blunt,1d3,hammer,,0,10,,,,
Shovel,tool,tool_002,4,,blunt,1d5,hammer,,0,10,,,dig,
Sledgehammer,tool,tool_003,8,,blunt,1d8,hammer,,0,10,,,dig,
Pickaxe,tool,tool_004,7,,"blunt,piercing",1d8,hammer,,0,10,,,dig,
Fire Axe,tool,tool_007,7,,"blunt,slash",1d7,hammer,,0,10,,,,
Screwdriver,tool,tool_008,1,,piercing,1d1,knife,,0,0,,,multitool,
Broom,tool,broom,4,,blunt,1d3,hammer,,0,0,,,,
Glowstick,tool,lightstick,1,,,,,,,,,,lamp:1000,
Flashlight,tool,flashlight_off_001,3,,,1d2,,,1,,,,lamp,
Fire Extinguisher,tool,fireextinguisher_001,13,,,1d5,,,,5,,,resist_fire,
Dead Leaves,consumable,leaf_003,1,,,,,,,0,30,64,gross,
Spinach,consumable,leaf_001,1,,,,,,,0,50,64,hp:10,
Cabbage,consumable,lettuce,2,,,,,,,0,50,64,hp:5,
Digestible Kelp,consumable,liana,1,,,,,,,0,75,64,"hp:5,gross",
Apple,consumable,apple,1,,,,,,,10,50,64,"hp:5,delicious",
Bag of Chips,consumable,"bag_001,bag_002,bag_003,bag_004",1,,,,,,,10,45,64,,
Banana,consumable,banana,1,,,,,,,10,50,64,"hp:5,delicious",
Bell Pepper,consumable,"bellpepper_green,bellpepper_red,bellpepper_yellow",1,,,,,,,0,40,64,hp:2,
Blueberries,consumable,berry,1,,,,,,,0,50,64,hp:2,
Blackberries,consumable,blackberry,1,,,,,,,0,50,64,hp:2,
Chipotle Pepper,consumable,black_pepper,1,,,,,,,0,40,64,"warming,hp:5",
NutriCube,consumable,block_007,1,,,,,,,10,400,64,"hp:5,palatable",
NutriTonic,consumable,bottle_011,1,,,,,,,10,600,64,"hp:10,palatable",
NutriGel,consumable,bottle_alt2_002,1,,,,,,,10,200,64,"hp:2,palatable",
Broccoli,consumable,broccoli,1,,,,,,,0,50,64,hp:5,
Tactical Avocado,consumable,avocado,1,,,,,,,3,50,64,hp:5,
Cake,consumable,"cake_01,cake_02,cake_03",1,,,,,,,0,100,64,,
Soda,consumable,"can_001,can_002,can_003,can_004,can_005",1,,,,,,,25,40,64,,
Meal Tin,consumable,"can_006,can_007,can_008,can_009,can_010",1,,,,,,,20,600,64,hp:2,
Medium Meal Tin,consumable,"can_011,can_012,can_013,can_014,can_015",2,,,,,,,20,800,64,hp:5,
Large Meal Tin,consumable,"can_016,can_017,can_018,can_019,can_020",3,,,,,,,20,900,64,hp:8,
Carrot,consumable,carrot,1,,,,,,,0,50,64,hp:5,
Cheese,consumable,cheese_01,1,,,,,,,0,50,64,"hp:5,delicious",
Cheese Wheel,consumable,cheese_wheel,3,,,,,,,0,100,64,"hp:8,delicious",
Coffee Beans,consumable,cocoabeans,1,,,,,,,10,25,64,,
Instant Noodle Cup,consumable,"cup_noodles_001,cup_noodles_002,cup_noodles_003",1,,,,,,,10,100,64,,
Lab-Grown Meat,consumable,ham,1,,,,,,,10,100,64,hp:2,
Juice Drink,consumable,juice_orange,1,,,,,,,10,75,64,,
Rotten Meal,consumable,junkyard_stew,1,,,,,,,10,200,64,"poison,gross",
Lollipop,consumable,lollypop,1,,,,,,,10,25,64,delicious,
Mango,consumable,mango,1,,,,,,,0,100,64,hp:5,
Unidentified Pills A,consumable,meds_001,0.1,,,,,,,10,0,64,??,
Unidentified Pills B,consumable,meds_002,0.1,,,,,,,10,0,64,??,
Unidentified Pills C,consumable,meds_003,0.1,,,,,,,10,0,64,??,
Unidentified Pills D,consumable,meds_004,0.1,,,,,,,10,0,64,??,
Unidentified Pills E,consumable,meds_005,0.1,,,,,,,10,0,64,??,
Unidentified Pills F,consumable,meds_006,0.1,,,,,,,10,0,64,??,
Rotten Meat,consumable,monster_meat,1,,,,,,,10,200,64,"poison,gross",
Orange,consumable,orange,1,,,,,,,0,50,64,"hp:5,delicious",
Pear,consumable,pear,1,,,,,,,0,50,64,"hp:5,delicious",
Green Chili,consumable,pepper_green,1,,,,,,,0,30,64,"hp:2,warming",
Red Chili,consumable,pepper_red,1,,,,,,,0,30,64,"hp:2,warming",
InstaSlice Pizza-To-Go,consumable,pizza,1,,,,,,,10,150,64,,
Potato,consumable,potato,1,,,,,,,0,75,64,hp:5,
Snacking Sausage,consumable,sausage,1,,,,,,,10,100,64,"hp:5,delicious",
Freeze-Dried Sandwich,consumable,sandwich,1,,,,,,,15,200,64,"hp:5,palatable",
Hamburger,consumable,hamburger,1,,,,,,,15,200,64,,
Strawberries,consumable,strawberry,1,,,,,,,0,50,64,"hp:5,delicious",
EverFresh Lab Fruit A,consumable,strange_fruit_001,1,,,,,,,10,100,64,"hp:5,palatable",
EverFresh Lab Fruit B,consumable,strange_fruit_002,1,,,,,,,10,100,64,"hp:5,palatable",
EverFresh Lab Fruit C,consumable,strange_fruit_003,1,,,,,,,10,100,64,"hp:5,palatable",
EverFresh Lab Fruit D,consumable,strange_fruit_004,1,,,,,,,10,100,64,"hp:5,palatable",
Shelf-Stable Sushi,consumable,"sushi_01,sushi_02,sushi_03,sushi_04,sushi_maki_01,sushi_maki_02",1,,,,,,,10,75,64,"hp:5,palatable",
Nutritional Paste,consumable,tofu,1,,,,,,,60,400,64,palatable,
Tomato,consumable,tomato,1,,,,,,,0,50,64,hp:2,
Space Steak,consumable,"steak_01,steak_02",1,,,,,,,5,200,64,hp:5,
Sack,container,bag_12,1,,,,,,,5,,,max_children:10,
Ammo Box,container,box_001,1,,,,,,,10,,,max_children:8,
Large Ammo Box,container,box_002,2,,,,,,,10,,,max_children:12,
Backpack,container,"backpack_001,backpack_002",2,,,,,,,,,,max_children:15,
Toolbox,container,toolbox,5,,,,,,,,,,max_children:20,
Cardboard Box,container,cardboardbox,1,,,,,,,,,,"fragile,max_children:4",
Damaged Cardboard Box,container,brokencardboardbox,1,,,,,,,,,,"fragile,max_children:2",
Nutritional Paste Generator,module,computer_chip_025,1,,,,,,1,10,,,food:1:10,
Speed Module I,module,computer_chip_001,3,,,,,,1,5,,,,
Speed Module II,module,computer_chip_002,4,,,,,,2,5,,,,
Speed Module III,module,computer_chip_003,5,,,,,,3,5,,,,
Speed Module IV,module,computer_chip_004,6,,,,,,4,5,,,,
Strength Module I,module,computer_chip_005,3,,,,,,1,5,,,,
Strength Module II,module,computer_chip_006,4,,,,,,2,5,,,,
Strength Module III,module,computer_chip_007,5,,,,,,3,5,,,,
Strength Module IV,module,computer_chip_008,6,,,,,,4,5,,,,
Perception Module I,module,computer_chip_009,3,,,,,,1,5,,,,
Perception Module II,module,computer_chip_010,4,,,,,,2,5,,,,
Perception Module III,module,computer_chip_011,5,,,,,,3,5,,,,
Perception Module IV,module,computer_chip_012,6,,,,,,4,5,,,,
Dexterity Module I,module,computer_chip_013,3,,,,,,1,5,,,,
Dexterity Module II,module,computer_chip_014,4,,,,,,2,5,,,,
Dexterity Module III,module,computer_chip_015,5,,,,,,3,5,,,,
Dexterity Module IV,module,computer_chip_016,6,,,,,,4,5,,,,
Vitality Module I,module,computer_chip_017,3,,,,,,1,5,,,,
Vitality Module II,module,computer_chip_018,4,,,,,,2,5,,,,
Vitality Module III,module,computer_chip_019,5,,,,,,3,5,,,,
Vitality Module IV,module,computer_chip_020,6,,,,,,4,5,,,,
Intelligence Module I,module,computer_chip_021,3,,,,,,1,5,,,,
Intelligence Module II,module,computer_chip_022,4,,,,,,2,5,,,,
Intelligence Module III,module,computer_chip_023,5,,,,,,3,5,,,,
Intelligence Module IV,module,computer_chip_024,6,,,,,,4,5,,,,
Credit Stick I,misc,credstick_001,0.1,,,,,,,10,,64,credits:100,
Credit Stick II,misc,credstick_002,0.1,,,,,,,5,,64,credits:250,
Credit Stick III,misc,credstick_003,0.1,,,,,,,3,,64,credits:500,
Credit Stick IV,misc,credstick_004,0.1,,,,,,,1,,64,credits:1000,
Disposable Battery,power_source,battery_001,1,,,,,,,10,,64,power:1:250,
Nanotube Battery,power_source,battery_small,2,,,,,,,10,,64,power:1:1000,
Medium Nanotube Battery,power_source,battery_middle,4,,,,,,,10,,64,power:1:2500,
Large Nanotube Battery,power_source,battery_large,10,,,,,,,10,,64,power:1:4000,
Fusion Cell I,power_source,energy_cell_001,5,,,,,,,14,,16,power:2:2000,
Fusion Cell II,power_source,energy_cell_002,5,,,,,,,14,,16,power:2:2000,
Fusion Cell III,power_source,energy_cell_003,5,,,,,,,12,,16,power:2:2000,
Fusion Cell IV,power_source,energy_cell_004,5,,,,,,,12,,16,power:2:2000,
Fusion Cell V,power_source,energy_cell_005,5,,,,,,,12,,16,power:2:2000,
Fusion Cell VI,power_source,energy_cell_006,5,,,,,,,10,,16,power:2:2000,
Fusion Cell VII,power_source,energy_cell_007,5,,,,,,,10,,16,power:2:2000,
Plasma Cell I,power_source,energy_cell_008,10,,,,,,,10,,16,power:3:2000,
Plasma Cell II,power_source,energy_cell_009,10,,,,,,,10,,16,power:3:2000,
Plasma Cell III,power_source,energy_cell_010,10,,,,,,,10,,16,power:3:2000,
Plasma Cell IV,power_source,energy_cell_011,10,,,,,,,8,,16,power:3:2000,
Plasma Cell V,power_source,energy_cell_012,10,,,,,,,8,,16,power:3:2000,
Plasma Cell VI,power_source,energy_cell_013,10,,,,,,,6,,16,power:3:2000,
Plasma Cell VII,power_source,energy_cell_014,10,,,,,,,6,,16,power:3:2000,
Quantum Cell I,power_source,energy_cell_015,20,,,,,,,6,,16,power:4:2000,
Quantum Cell II,power_source,energy_cell_016,20,,,,,,,6,,16,power:4:2000,
Quantum Cell III,power_source,energy_cell_017,20,,,,,,,5,,16,power:4:2000,
Quantum Cell IV,power_source,energy_cell_018,20,,,,,,,4,,16,power:4:2000,
Quantum Cell V,power_source,energy_cell_019,20,,,,,,,3,,16,power:4:2000,
Quantum Cell VI,power_source,energy_cell_020,20,,,,,,,2,,16,power:4:2000,
Quantum Cell VII,power_source,energy_cell_021,20,,,,,,,1,,16,power:4:2000,
Surgical Bandage,consumable,firstaid_005,1,,,,,,,,,64,hp:10,
Adhesive Bandage,consumable,firstaid_006,1,,,,,,,,,64,hp:5,
First Aid Kit,consumable,firstaid_004,2,,,,,,,,,64,hp:20,
Large First Aid Kit,consumable,firstaid_003,3,,,,,,,,,32,hp:30,
Paramedic Kit,consumable,firstaid_002,3,,,,,,,,,64,hp:40,
Large Paramedic Kit,consumable,firstaid_001,4,,,,,,,,,32,hp:60,
Sight Implant I,implant,ocular_system_mod_001,0.5,,,,,,1,,,64,perception:1,
Sight Implant II,implant,ocular_system_mod_003,0.5,,,,,,1,,,64,perception:1,
Sight Implant III,implant,ocular_system_mod_002,0.5,,,,,,2,,,64,perception:2,
Sight Implant IV,implant,ocular_system_mod_005,0.5,,,,,,2,,,64,perception:2,
Infrared Sight Implant,implant,ocular_system_mod_004,0.5,,,,,,2,,,64,infravision,
Phasic Sight Implant,implant,ocular_system_mod_006,0.5,,,,,,2,,,64,see_invisible,
Access Card I,tool,id_001,0.1,,,,,,,,,64,access:1,
Access Card II,tool,id_002,0.1,,,,,,,,,64,access:2,
Access Card III,tool,id_003,0.1,,,,,,,,,64,access:3,
Access Card IV,tool,id_004,0.1,,,,,,,,,64,access:4,
Stim I (Inhaler),consumable,inhaler_001,0.25,,,,,,,,,,stim:1:5,
Stim II (Inhaler),consumable,inhaler_002,0.25,,,,,,,,,,stim:1:10,
Stim III (Inhaler),consumable,inhaler_003,0.25,,,,,,,,,,stim:1:15,
Stim IV (Inhaler),consumable,inhaler_004,0.25,,,,,,,,,,stim:1:20,
Stim V (Inhaler),consumable,inhaler_005,0.25,,,,,,,,,,stim:1:25,
Stim VI (Inhaler),consumable,inhaler_006,0.25,,,,,,,,,,stim:1:30,
Stim VII (Inhaler),consumable,inhaler_007,0.25,,,,,,,,,,stim:1:35,
Stim I (Quantum Inhaler),consumable,inhaler_008,0.25,,,,,,,,,,stim:2:5,
Stim II (Quantum Inhaler),consumable,inhaler_009,0.25,,,,,,,,,,stim:2:10,
Stim III (Quantum Inhaler),consumable,inhaler_010,0.25,,,,,,,,,,stim:2:15,
Stim IV (Quantum Inhaler),consumable,inhaler_011,0.25,,,,,,,,,,stim:2:20,
Stim V (Quantum Inhaler),consumable,inhaler_012,0.25,,,,,,,,,,stim:2:25,
Stim VI (Quantum Inhaler),consumable,inhaler_013,0.25,,,,,,,,,,stim:2:30,
Stim VII (Quantum Inhaler),consumable,inhaler_014,0.25,,,,,,,,,,stim:2:35,
Stim I (Injector),consumable,injector_001,0.25,,,,,,,,,,stim:2:50,
Stim II (Injector),consumable,injector_002,0.25,,,,,,,,,,stim:2:75,
Stim III (Injector),consumable,injector_003,0.25,,,,,,,,,,stim:2:100,
Stim IV (Injector),consumable,injector_004,0.25,,,,,,,,,,stim:2:125,
Stim V (Injector),consumable,injector_005,0.25,,,,,,,,,,stim:2:150,
Stim VI (Injector),consumable,injector_006,0.25,,,,,,,,,,stim:2:175,
Stim VII (Injector),consumable,injector_007,0.25,,,,,,,,,,stim:2:200,
Prosthetic Arm I,implant,prosthetic_arm_001,2,,,,,,1,,,,strength:1,
Prosthetic Arm II,implant,prosthetic_arm_002,2,,,,,,1,,,,strength:2,
Prosthetic Arm III,implant,prosthetic_arm_003,2,,,,,,2,,,,strength:3,
Prosthetic Hand I,implant,prosthetic_hand_001,2,,,,,,1,,,,dexterity:1,
Prosthetic Hand II,implant,prosthetic_hand_002,2,,,,,,1,,,,dexterity:2,
Prosthetic Hand III,implant,prosthetic_hand_003,2,,,,,,2,,,,dexterity:3,
Prosthetic Leg I,implant,prosthetic_leg_001,3,,,,,,2,,,,"strength:1,agility:1",
Prosthetic Leg II,implant,prosthetic_leg_002,3,,,,,,2,,,,"strength:2,agility:2",
Prosthetic Leg III,implant,prosthetic_leg_003,3,,,,,,3,,,,"strength:3,agility:3",
Bone,misc,bone_003,2,,,,,,,5,,64,guts_organic,
Humanoid Organ,misc,stomach,1,,,,,,,0,,64,guts_organic,
Humanoid Heart,misc,heart,1,,,,,,,0,,64,guts_organic,
Damaged Component,misc,"brokenelectronics_001,brokenelectronics_002",1,,,,,,,0,,64,guts_cybernetic,
Alien Horn,misc,"horn_001,horn_002,horn_003,horn_004",2,,,,,,,0,,64,guts_shard,
Alien Eye,misc,monster_eye,1,,,,,,,0,,64,guts_shard,
Alien Entrails,misc,mud_balls,1,,,,,,,0,,64,guts_shard,
Tentacle,misc,tentacle,1,,,,,,,0,,64,guts_shard,
Alien Organ,misc,weird_nut,1,,,,,,,0,,64,guts_shard,
Alien Heart,misc,tainted_heart,1,,,,,,,0,,64,guts_shard,
Kinetic Shield Module I,module,energy_cell_022,3,,,,,,,6,,,shield:10:1:1,
Kinetic Shield Module II,module,energy_cell_023,4,,,,,,,5,,,shield:14:1:1,
Kinetic Shield Module III,module,energy_cell_024,5,,,,,,,4,,,shield:18:1:2,
Kinetic Shield Module IV,module,energy_cell_025,6,,,,,,,3,,,shield:20:1:2,
Heavy Shield Module I,module,energy_cell_026,7,,,,,,,3,,,shield:24:2:3,
Heavy Shield Module II,module,energy_cell_027,8,,,,,,,2,,,shield:27:2:3,
Heavy Shield Module III,module,energy_cell_028,9,,,,,,,1,,,shield:30:2:4,
Emporer Armor,upper_armor,armor_10,20,8,,,,,,3,,,"resist_radiation,max_children:2",4
Cyberninja Armor I,upper_armor,armor_101,10,5,,,,,,,,,"stealth,max_children:1",
Cyberninja Armor II,upper_armor,armor_112,12,6,,,,,,,,,"stealth,max_children:1",
Space Pirate Armor I,upper_armor,armor_105,10,4,,,,,,,,,max_children:1,
Space Pirate Armor II,upper_armor,armor_106,12,5,,,,,,,,,max_children:1,
Space Pirate Armor III,upper_armor,armor_107,14,6,,,,,,,,,max_children:1,
Padded Shirt,upper_armor,armor_128,4,2,,,,,,,,,,
Modularized Marine Armor I,upper_armor,armor_119,15,3,,,,,,,,,"max_children:1,resist_blunt,resist_piercing,resist_slash,resist_piercing",2
Modularized Marine Armor II,upper_armor,armor_120,15,4,,,,,,,,,"max_children:1,resist_blunt,resist_piercing,resist_slash,resist_piercing",3
Modularized Marine Armor III,upper_armor,armor_121,18,5,,,,,,,,,"max_children:1,resist_blunt,resist_piercing,resist_slash,resist_piercing",4
Modularized Marine Armor IV,upper_armor,armor_122,18,6,,,,,,,,,"max_children:2,resist_blunt,resist_piercing,resist_slash,resist_piercing",5
Modularized Marine Armor V,upper_armor,armor_124,21,7,,,,,,5,,,"max_children:2,resist_blunt,resist_piercing,resist_slash,resist_piercing",7
Modularized Marine Armor VI,upper_armor,armor_125,21,8,,,,,,5,,,"max_children:2,resist_blunt,resist_piercing,resist_slash,resist_piercing",9
Emergency Response Plating I,upper_armor,armor_144,15,2,,,,,,,,,resist_fire,3
Emergency Response Plating II,upper_armor,armor_143,17,3,,,,,,,,,resist_fire,6
Marine Armor I,upper_armor,armor_151,15,3,,,,,,,,,,
Marine Armor II,upper_armor,armor_163,16,4,,,,,,,,,,
Marine Armor III,upper_armor,armor_156,17,5,,,,,,8,,,,
Marine Armor IV,upper_armor,armor_154,18,6,,,,,,5,,,,
Marine Armor V,upper_armor,armor_153,19,7,,,,,,5,,,,
Stealth Marine Armor I,upper_armor,armor_159,18,6,,,,,,5,,,stealth,
Stealth Marine Armor II,upper_armor,armor_157,19,7,,,,,,4,,,stealth,
Cold Weather Armor I,upper_armor,armor_161,18,6,,,,,,10,,,resist_cold,3
Cold Weather Armor II,upper_armor,armor_175,19,7,,,,,,5,,,resist_cold,6
Hot Weather Armor I,upper_armor,armor_162,18,6,,,,,,10,,,resist_fire,3
Hot Weather Armor II,upper_armor,armor_176,19,7,,,,,,5,,,resist_fire,6
Deputy Plating I,upper_armor,armor_34,17,5,,,,,,,,,,
Deputy Plating II,upper_armor,armor_21,18,6,,,,,,,,,,
Sheriff Plating,upper_armor,armor_26,19,7,,,,,,,,,,
Leather Jacket,upper_armor,jacket_025,8,2,,,,,,,,,,
Long Leather Jacket,upper_armor,jacket_026,10,3,,,,,,,,,,
Armored Leather Jacket I,upper_armor,jacket_2,12,6,,,,,,,,,,
Armored Leather Jacket II,upper_armor,jacket_4,14,7,,,,,,,,,,
Padded Evac Jacket,upper_armor,jacket_3,14,8,,,,,,,,,,
Lab Coat,upper_armor,labcoat,1,1,,,,,,,,,intelligence:1,
T-Shirt,upper_armor,shirt_002,1,1,,,,,,,,,,
Athletic Shirt,upper_armor,shirt_042,1,1,,,,,,,,,agility:1,
Dusty T-Shirt,upper_armor,shirt_056,1,1,,,,,,,,,,
Collared Shirt,upper_armor,"shirt_127,shirt_133,shirt_132",1,1,,,,,,,,,,
Tactical Vest I,upper_armor,tactical_vest_002,4,3,,,,,,,,,,
Tactical Vest II,upper_armor,tactical_vest_006,5,4,,,,,,,,,,
Tactical Vest III,upper_armor,tactical_vest_007,6,5,,,,,,,,,,
Armored Vest I,upper_armor,tactical_vest_plated_002,6,4,,,,,,,,,,
Armored Vest II,upper_armor,tactical_vest_plated_006,7,5,,,,,,,,,,
Armored Vest III,upper_armor,tactical_vest_plated_010,8,6,,,,,,,,,,
Space Pirate Vest,upper_armor,vest_001,4,2,,,,,,,,,,
Rugged Pants,lower_armor,"pants_023,pants_032,pants_033",5,2,,,,,,,,,,
Stylish Pants,lower_armor,pants_024,4,1,,,,,,,,,,
Jeans,lower_armor,pants_025,4,1,,,,,,,,,,
Combat Pants I,lower_armor,pants_028,6,3,,,,,,,,,agility:1,
Combat Pants II,lower_armor,pants_029,7,4,,,,,,,,,agility:2,
Deputy Uniform Pants,lower_armor,pants_034,4,1,,,,,,,,,,
Heavy Work Pants,lower_armor,pants_038,9,4,,,,,,,,,"resist_fire,resist_cold",2
Fire Response Pants,lower_armor,pants_022,8,4,,,,,,,,,resist_fire,3
Cold Weather Pants,lower_armor,pants_020,8,4,,,,,,,,,resist_cold,3
Stealth Leggings,lower_armor,pants_054,4,1,,,,,,,,,stealth,
Hi-Viz Pants,lower_armor,pants_057,4,1,,,,,,,,,remove_stealth,
Business Casual Slacks,lower_armor,"pants_053,pants_055,pants_052",3,1,,,,,,,,,intelligence:1,
Tactical Pants,lower_armor,pants_066,6,3,,,,,,,,,,
Exercise Shorts,lower_armor,"pants_001,pants_002,pants_003,pants_004,pants_005,pants_006",1,1,,,,,,,,,"agility:1,dexterity:1",
EVA Leggings,lower_armor,leg_43,5,2,,,,,,,,,resist_atmospheric,
Competition Leggings,lower_armor,leg_54,5,2,,,,,,,,,agility:1,
Fancy Hat,headwear,"hat_001,hat_002,hat_003",2,1,,,,,,,,3,,
Competition Helmet,headwear,helmet_020,4,2,,,,,,,,,resist_blunt,2
Sports Helmet,headwear,helmet_019,4,2,,,,,,,,,resist_blunt,2
Construction Hard Hat,headwear,constructionworkerhelmet,2,1,,,,,,,,,"resist_slash,resist_piercing",2
Marine Helmet I,headwear,helmet_008,4,2,,,,,,,,,resist_blunt,2
Marine Helmet II,headwear,helmet_009,5,3,,,,,,,,,resist_blunt,3
Marine Helmet III,headwear,helmet_010,6,4,,,,,,,,,resist_blunt,4
EVA Helmet I,headwear,helmet_038,6,2,,,,,,,,,"resist_atmospheric,resist_blunt",2
EVA Helmet II,headwear,helmet_037,8,3,,,,,,,,,"resist_atmospheric,resist_blunt",4
Stealth Helmet,headwear,helmet_036,5,1,,,,,,,,,"resist_atmospheric,resist_blunt",2
Atmospheric Marine Helmet,headwear,helmet_028,6,2,,,,,,,,,"resist_atmospheric,resist_blunt",3
Fire Response Helmet,headwear,helmet_035,8,2,,,,,,,,,"resist_atmospheric,resist_blunt",3
Space Ninja Helmet,headwear,helmet_036,5,1,,,,,,,,,resist_atmospheric,2
Shard Skull Helmet I,headwear,helmet_10,7,2,,,,,,,,,resist_blunt,1
Shard Skull Helmet II,headwear,helmet_104,8,3,,,,,,,,,resist_blunt,2
Shard Skull Helmet III,headwear,helmet_101,9,4,,,,,,,,,resist_blunt,3
Shard Skull Helmet IV,headwear,helmet_102,12,5,,,,,,,,,resist_blunt,4
Shard Skull Helmet V,headwear,helmet_103,15,6,,,,,,,,,resist_blunt,5
Shard Ogre Helmet I,headwear,helmet_114,10,3,,,,,,,,,resist_blunt,1
Shard Ogre Helmet II,headwear,helmet_115,12,4,,,,,,,,,resist_blunt,2
Shard Ogre Helmet III,headwear,helmet_118,14,5,,,,,,,,,resist_blunt,3
Shard Ogre Helmet IV,headwear,helmet_117,16,6,,,,,,,,,resist_blunt,4
Temple Protector Helmet I,headwear,helmet_131,6,2,,,,,,,,,resist_piercing,2
Temple Protector Helmet II,headwear,helmet_132,7,3,,,,,,,,,resist_piercing,3
Temple Protector Helmet III,headwear,helmet_133,8,4,,,,,,,,,resist_piercing,4
Temple Protector Helmet IV,headwear,helmet_140,9,5,,,,,,,,,resist_piercing,5
Temple Protector Helmet V,headwear,helmet_128,10,6,,,,,,,,,resist_piercing,6
Temple Guardian Helmet I,headwear,helmet_145,6,3,,,,,,,,,resist_piercing,2
Temple Guardian Helmet II,headwear,helmet_146,7,4,,,,,,,,,resist_piercing,3
Temple Guardian Helmet III,headwear,helmet_147,8,5,,,,,,,,,resist_piercing,4
Temple Guardian Helmet IV,headwear,helmet_143,9,6,,,,,,,,,resist_piercing,5
Temple Guardian Helmet V,headwear,helmet_142,10,7,,,,,,,,,resist_piercing,6
Marine Cap I,headwear,helmet_203,3,1,,,,,,,,,resist_cold,1
Marine Cap II,headwear,helmet_208,4,2,,,,,,,,,resist_cold,2
Marine Cap III,headwear,helmet_202,5,3,,,,,,,,,resist_cold,3
Marine Cap IV,headwear,helmet_206,6,4,,,,,,,,,resist_cold,4
Marine Cap V,headwear,helmet_201,7,5,,,,,,,,,resist_cold,5
Shard Skull Helm I,headwear,helmet_57,7,2,,,,,,,,,,1
Shard Skull Helm II,headwear,helmet_47,8,3,,,,,,,,,,2
Shard Skull Helm III,headwear,helmet_66,9,4,,,,,,,,,,3
Sheriff Visor Helmet I,headwear,helmet_alt_002,4,2,,,,,,,,,resist_blunt,2
Sheriff Visor Helmet II,headwear,helmet_alt_009,5,3,,,,,,,,,resist_blunt,3
Sheriff Visor Helmet III,headwear,helmet_alt_006,6,4,,,,,,,,,resist_blunt,4
Sheriff Visor Helmet IV,headwear,helmet_alt_007,7,5,,,,,,,,,resist_blunt,5
Sheriff Visor Helmet V,headwear,helmet_alt_011,8,6,,,,,,,,,resist_blunt,6
Laser Combat Mask I,headwear,helmet_alt_laser_001,4,2,,,,,,,,,dexterity:1,
Laser Combat Mask II,headwear,helmet_alt_laser_004,5,3,,,,,,,,,dexterity:2,
Laser Combat Mask III,headwear,helmet_alt_laser_003,6,4,,,,,,,,,dexterity:3,
Laser Combat Mask IV,headwear,helmet_alt_laser_002,7,5,,,,,,,,,dexterity:4,
Laser Combat Mask V,headwear,helmet_alt_laser_007,8,6,,,,,,,,,dexterity:5,
Space Pirate Intimidation Mask I,headwear,mask_019,3,1,,,,,,,,,conflict,
Space Pirate Intimidation Mask II,headwear,mask_020,4,2,,,,,,,,,conflict,
Shard Carapace Mask I,headwear,mask_alt_004,1,1,,,,,,,,,resist_psionic,2
Shard Carapace Mask II,headwear,mask_alt_003,2,2,,,,,,,,,resist_psionic,3
Shard Carapace Mask III,headwear,mask_alt_002,3,3,,,,,,,,,resist_psionic,4
Shard Carapace Mask IV,headwear,mask_alt_001,4,4,,,,,,,,,resist_psionic,5
Shard Carapace Mask V,headwear,mask_005,5,5,,,,,,,,,resist_psionic,6
Protectoid Augmented Mask I,headwear,mask_alt_018,8,3,,,,,,,,,resist_emp,
Protectoid Augmented Mask II,headwear,mask_alt_017,10,4,,,,,,,,,resist_emp,
Protectoid Augmented Mask III,headwear,mask_alt_016,12,5,,,,,,,,,resist_emp,
Flare Gun,gun,flaregun,3,,,,pistol,25mm,,,,,,
Basic Assault Rifle,gun,gun_001,7,,,,rifle,12mm,,,,,,
Tactical SMG,gun,gun_002,5,,,,rifle,9mm,,,,,"dexterity:-1,fire_rate:2",
Arm-Mounted SMG,gun,arm_cannon,9,,,,pistol,9mm,,,,,"dexterity:-1,fire_rate:3",
Rugged Assault Rifle,gun,gun_003,7,,,,rifle,12mm,,,,,,
Rugged Shotgun,gun,gun_004,7,,,,rifle,20mm,,,,,,
Tactical Sniper Rifle,gun,gun_005,9,,,,rifle,12mm,1,,,,"dexterity:1,fire_rate:-1",
Shotgun,gun,gun_006,7,,,,rifle,20mm,,,,,,
Golden Shotgun,gun,gun_1,8,,,,rifle,20mm,,,,,,
Tactical Assault Rifle,gun,gun_007,8,,,,rifle,12mm,1,,,,,
Minigun,gun,machine_gun,18,,,,heavy_rifle,12mm,2,,,,"dexterity:-2,fire_rate:5",
Plasma Rifle,gun,shotgun_001,14,,plasma,1d8,rifle,,1,,,,,
Corrosion Rifle,gun,shotgun_002,14,,corrosive,1d7,rifle,,1,,,,,
Ionizing Rifle,gun,shotgun_003,14,,radiation,1d7,rifle,,1,,,,,
Dragonized Assault Rifle,gun,rifle_001,9,,,,rifle,12mm,,,,,fire,
Unknown Assault Rifle I,gun,rifle_002,9,,,,rifle,12mm,1,,,,,
Unknown Assault Rifle II,gun,rifle_003,9,,,,rifle,12mm,1,,,,,
Unknown Plasma Rifle I,gun,rifle_004,9,,plasma,1d9,rifle,,1,,,,,
Unknown Plasma Rifle II,gun,rifle_005,9,,plasma,1d10,rifle,,1,,,,dexterity:1,
Sheriff Pistol,gun,pistol_001,5,,,,pistol,9mm,,,,,,
Marine Pistol,gun,pistol_002,5,,,,pistol,9mm,,,,,,
Custodial Pistol,gun,pistol_003,5,,,,pistol,9mm,,,,,,
Tactical Pistol,gun,pistol_004,5,,,,pistol,9mm,,,,,,
Ranger Pistol,gun,pistol_005,5,,,,pistol,12mm,,,,,,
Cryo Pistol,gun,pistol_002,5,,,,pistol,9mm,,,,,,
Plasma Pistol,gun,pistol_alt_002,5,,plasma,1d5,pistol,,1,,,,,
Competitive Plasma Pistol,gun,pistol_alt_014,4,,plasma,1d4,pistol,,1,3,,,dexterity:1,
Emergency Responder Pistol,gun,pistol_002,5,,,,pistol,9mm,,,,,,
Cold Weather Pistol,gun,pistol_alt_004,,,,,pistol,9mm,,,,,cold,
EMP Emitter Pistol,gun,pistol_alt_005,7,,emp,1d5,pistol,,1,,,,emp,
Uranium Infusion Pistol,gun,pistol_alt_006,7,,radioactive,1d6,pistol,9mm,1,,,,radiation,
Corrosion Pistol,gun,pistol_alt_008,7,,corrosive,1d5,pistol,9mm,1,,,,corrosion,
Powered Pistol,gun,pistol_alt_007,7,,,1d7,pistol,9mm,1,,,,,
Hand Cannon I,gun,pistol_alt_009,8,,,,pistol,20mm,,,,,dexterity:-1,
Hand Cannon II,gun,pistol_alt_010,8,,,,pistol,20mm,,,,,dexterity:-2,
Space Pirate Plasma Pistol,gun,pistol_alt_013,5,,plasma,,,,1,,,,,
9mm Round,ammo,ammo_005,1,,piercing,1d3,,9mm,,,,64,,
9mm Heavy Round,ammo,ammo_004,1,,piercing,1d4,,9mm,,,,64,,
12mm Round,ammo,ammo_002,1,,piercing,1d5,,12mm,,,,64,,
12mm Improvised Round,ammo,ammo_006,1,,piercing,1d4,,12mm,,5,,64,dexterity:-1,
20mm Shell,ammo,bullet_010,1,,piercing,1d8,,20mm,,,,64,,
20mm Slug,ammo,bullet_002,2,,piercing,1d10,,20mm,,5,,64,,
Flare Round,ammo,bullet_016,1,,fire,1d2,,25mm,,8,,32,"aoe:fire:3:7,blinding",
20mm Corrosion Slug,ammo,bullet_013,2,,corrosive,1d10,,20mm,,,,64,corrosion,
EMP Spash Round,ammo,bullet_021,2,,emp,1d8,,25mm,,5,,32,emp,
Uranium Splash Round,ammo,bullet_020,2,,radioactive,1d8,,25mm,,5,,32,radioactive,
12mm Stealth Round,ammo,bullet_005,1,,piercing,1d4,,12mm,,5,,64,silent,
Shard Plasma Rifle I,gun,weapon_79,5,,plasma,1d6,rifle,,1,,,,,
Shard Plasma Rifle II,gun,weapon_80,5,,plasma,1d7,rifle,,1,,,,,
Shard Plasma Rifle III,gun,weapon_89,5,,plasma,1d8,rifle,,1,,,,,
Shard Plasma Rifle IV,gun,weapon_81,5,,plasma,1d9,rifle,,1,,,,,
Shard Plasma Rifle V,gun,weapon_78,5,,plasma,1d10,rifle,,1,,,,dexterity:1,
Heavy Shard Plasma Rifle I,gun,weapon_95,15,,plasma,1d11,rifle,,2,5,,,,
Heavy Shard Plasma Rifle II,gun,weapon_91,15,,plasma,1d12,rifle,,2,5,,,,
Heavy Shard Plasma Rifle III,gun,weapon_92,15,,plasma,1d13,rifle,,2,5,,,,
Heavy Shard Plasma Rifle IV,gun,weapon_93,15,,plasma,1d14,rifle,,2,5,,,,
Heavy Shard Plasma Rifle V,gun,weapon_99,15,,plasma,1d15,rifle,,2,5,,,dexterity:1,
Megalaser,gun,megalaser,10,,plasma,1d10,pistol,,1,,,,,
Heavy Megalaser,gun,mini_cannon,20,,plasma,1d20,heavy_rifle,,2,,,,dexterity:-1,
EMP Emitter Staff,emitter,magicweapon_4,20,,emp,1d10,,,2,5,,,aoe:emp:3:1,
Psionic Conflict Staff,emitter,magicweapon_16,18,,psionic,1d10,,,2,5,,,conflict,
Mysterious Exotic Weapon I,emitter,magicweapon_11,25,,exotic,1d15,,,3,2,,,,
Mysterious Exotic Weapon II,emitter,magicweapon_19,28,,exotic,1d18,,,3,2,,,,
Mysterious Exotic Weapon III,emitter,magicweapon_8,31,,exotic,1d21,,,3,2,,,,
Eyeball on a Pointy Stick,emitter,magicweapon_22,4,,,1d2,,,,5,,,,
Utility Belt,belt,belt_001,1,,,,,,,,,,,
Modularized Belt,belt,belt_003,2,,,,,,,,,,max_children:1,
Powered Base Layer I,base,bodysuit_002,4,,,,,,,,,,max_children:1,
Powered Base Layer II,base,bodysuit_006,6,,,,,,,,,,max_children:1,
Powered Base Layer III,base,bodysuit_007,8,,,,,,,,,,max_children:2,
Modularized Base Layer I,base,bodysuit_011,8,,,,,,,,,,max_children:2,
Modularized Base Layer II,base,bodysuit_003,10,,,,,,,,,,max_children:2,
Modularized Base Layer III,base,bodysuit_010,12,,,,,,,,,,max_children:3,
Stealthy Powered Base Layer,base,bodysuit_001,4,,,,,,,,,,silent,
Tactical Grenade,grenade,grenade_011,4,,,1d15,,,,,,64,aoe:blunt:3:1,
Impact Grenade,grenade,grenade_012,4,,,1d20,,,,,,64,aoe:blunt:1:1,
Incendiary Grenade,grenade,grenade_013,4,,,1d10,,,,,,64,aoe:fire:3:5,
Corrosion Grenade,grenade,grenade_014,4,,,1d10,,,,,,64,aoe:corrosive:3:5,
EMP Grenade,grenade,grenade_016,4,,,1d10,,,,,,64,aoe:emp:3:1,
Poison Grenade,grenade,grenade_alt_002,4,,,1d10,,,,,,64,aoe:atmospheric:3:5,
Plasma Grenade,grenade,grenade_alt_019,4,,,1d10,,,,,,64,aoe:plasma:3:1,
Flashbang,grenade,grenade_005,3,,,1d3,,,,,,64,blinding,
Capacitive Grenade I,grenade,grenade_alt_005,6,,,1d12,,,1,,,64,aoe:blunt:3:1,
Capacitive Grenade II,grenade,grenade_alt_009,6,,,1d14,,,1,,,64,aoe:blunt:3:1,
Capacitive Grenade III,grenade,grenade_alt_008,6,,,1d16,,,2,,,64,aoe:blunt:3:1,
Capacitive Grenade IV,grenade,grenade_alt_006,6,,,1d18,,,2,,,64,aoe:blunt:4:1,
Capacitive Grenade V,grenade,grenade_alt_011,6,,,1d20,,,2,,,64,aoe:blunt:4:1,
